   ilkid   |    lastname     | firstname  
-----------+-----------------+------------
 ALEXACO02 | Alexander       | Courtney
 ALLENMA01 | Allen           | Malik
 ALLENTO01 | Allen           | Tony
 ANDERCH01 | Andersen        | Chris
 ANTHOCA01 | Anthony         | Carmelo
 ARAUJRA01 | Araujo          | Rafael
 ARCHIRO01 | Archibald       | Robert
 ARENAGI01 | Arenas          | Gilbert
 ARIZATR01 | Ariza           | Trevor
 ARMSTBR01 | Armstrong       | Brandon
 ARROYCA01 | Arroyo          | Carlos
 BAGARDA01 | Bagaric         | Dalibor
 BAKERMA02 | Baker           | Maurice
 BANKSMA01 | Banks           | Marcus
 BARBOLE01 | Barbosa         | Leandrinho
 BARKLER01 | Barkley         | Erick
 BARNEMA02 | Barnes          | Matt
 BARREAN01 | Barrett         | Andre
 BASTOMA01 | Baston          | Maceo
 BATEEME01 | Bateer          | Mengke
 BATISMI01 | Batiste         | Mike
 BATTISH01 | Battier         | Shane
 BAXTELO01 | Baxter          | Lonny
 BEASLJE01 | Beasley         | Jerome
 BELLCH01  | Bell            | Charlie
 BELLRA01  | Bell            | Raja
 BELLTR01  | Bell            | Troy
 BIEDRAN01 | Biedrins        | Andris
 BLAKEST01 | Blake           | Steve
 BLOUNMA01 | Blount          | Mark
 BOBBITO01 | Bobbitt         | Tony
 BOGANKE01 | Bogans          | Keith
 BONNEMA01 | Bonner          | Matt
 BOOZECA01 | Boozer          | Carlos
 BORCHCU01 | Borchardt       | Curtis
 BOSHCH01  | Bosh            | Chris
 BOUMTRU01 | Boumtje-Boumtje | Ruben
 BRADLMI01 | Bradley         | Michael
 BRAGGTO01 | Braggs          | Torraye
 BREMEJR01 | Bremer          | J.R.
 BREWEJA01 | Brewer          | Jamison
 BREZEPR01 | Brezec          | Primoz
 BROWNDA02 | Brown           | Damone
 BROWNDE02 | Brown           | Devin
 BROWNER01 | Brown           | Ernest
 BROWNKE01 | Brown           | Kedrick
 BROWNKW01 | Brown           | Kwame
 BROWNTI01 | Brown           | Tierre
 BURKEPA01 | Burke           | Pat
 BURKSAN01 | Burks           | Antonio
 BUTLECA01 | Butler          | Caron
 BUTLEJA01 | Butler          | Jackie
 BUTLERA01 | Butler          | Rasual
 CABARZA01 | Cabarkapa       | Zarko
 CARDIBR01 | Cardinal        | Brian
 CARLIGE01 | Carlisle        | Geno
 CARROMA01 | Carroll         | Matt
 CARTEMA01 | Carter          | Maurice
 CHALMLI01 | Chalmers        | Lionel
 CHANDTY01 | Chandler        | Tyson
 CHILDJO01 | Childress       | Josh
 CLAXTSP01 | Claxton         | Speedy
 CLEAVMA01 | Cleaves         | Mateen
 COLLIJA02 | Collier         | Jason
 COLLIJA04 | Collins         | Jarron
 COLLIJA03 | Collins         | Jason
 COLLINI01 | Collison        | Nick
 COLSOSE01 | Colson          | Sean
 COOKBR01  | Cook            | Brian
 COOKOM01  | Cook            | Omar
 CRAWFJA01 | Crawford        | Jamal
 CRISPJO01 | Crispin         | Joe
 CURRYED01 | Curry           | Eddy
 DALEMSA01 | Dalembert       | Samuel
 DANIEER01 | Daniels         | Erik
 DANIEMA01 | Daniels         | Marquis
 DAVISJO02 | Davis           | Josh
 DELFICA01 | Delfino         | Carlos
 DENGLU01  | Deng            | Luol
 DIAWBO01  | Diaw            | Boris
 DICKADA01 | Dickau          | Dan
 DICKEKA01 | Dickens         | Kaniel
 DIOPDE01  | Diop            | Desagana
 DIXONJU01 | Dixon           | Juan
 DOOLIKE01 | Dooling         | Keyon
 DROBNPR01 | Drobnjak        | Predrag
 DUHONCH01 | Duhon           | Chris
 DUNLEMI02 | Dunleavy        | Mike
 DUPRERO01 | Dupree          | Ronald
 EBIND01   | Ebi             | Ndudi
 EDWARCO01 | Edwards         | Corsley
 EDWARJO01 | Edwards         | John
 EL-AMKH01 | El-amin         | Khalid
 ELSONFR01 | Elson           | Francisco
 ELYME01   | Ely             | Melvin
 EMMETAN01 | Emmett          | Andre
 EVANSMA01 | Evans           | Maurice
 EVANSRE01 | Evans           | Reggie
 FERGUDE01 | Ferguson        | Desmond
 FIZERMA01 | Fizer           | Marcus
 FLORELU01 | Flores          | Luis
 FONTAIS01 | Fontaine        | Isaac
 FORDAL02  | Ford            | Alton
 FORDTJ01  | Ford            | T.J.
 FORTEJO01 | Forte           | Joseph
 FOTSIAN01 | Fotsis          | Antonis
 FOWLKTR01 | Fowlkes         | Tremaine
 FRAHMRI01 | Frahm           | Richie
 FREIJMA01 | Freije          | Matt
 FULLEHI01 | Fuller          | Hiram
 GADZUDA01 | Gadzuric        | Dan
 GAINERE01 | Gaines          | Reece
 GARCERU01 | Garces          | Ruben
 GARCIAL01 | Garcia          | Alex
 GASOLPA01 | Gasol           | Pau
 GILLED01  | Gill            | Eddie
 GINOBEM01 | Ginobili        | Emmanuel
 GIRICGO01 | Giricek         | Gordan
 GOODEDR01 | Gooden          | Drew
 GOODRST01 | Goodrich        | Steve
 GORDOBE01 | Gordon          | Ben
 GREENWI01 | Green           | Willie
 GRIFFED01 | Griffin         | Eddie
 GUYTOAJ01 | Guyton          | A.j.
 HAISLMA01 | Haislip         | Marcus
 HAMILTA01 | Hamilton        | Tang
 HAMILZE01 | Hamilton        | Zendon
 HANDLBE01 | Handlogten      | Ben
 HANSETR01 | Hansen          | Travis
 HARRIAD01 | Harrington      | Adam
 HARRILO01 | Harrington      | Lorinza
 HARRIDE01 | Harris          | Devin
 HARRIDA01 | Harrison        | David
 HARTJA01  | Hart            | Jason
 HARVEDO01 | Harvey          | Donnell
 HASLEUD01 | Haslem          | Udonis
 HASSETR01 | Hassell         | Trenton
 HASTOKI01 | Haston          | Kirk
 HAWKIJU01 | Hawkins         | Juaquin
 HAYESJA01 | Hayes           | Jarvis
 HAYWOBR01 | Haywood         | Brendan
 HILARMA01 | Hilario         | Maybyner
 HINRIKI01 | Hinrich         | Kirk
 HOUSEED01 | House           | Eddie
 HOWARDW01 | Howard          | Dwight
 HOWARJO01 | Howard          | Josh
 HUFFMNA01 | Huffman         | Nate
 HUMPHRY01 | Humphrey        | Ryan
 HUMPHKR01 | Humphries       | Kris
 HUNTEBR01 | Hunter          | Brandon
 HUNTEST01 | Hunter          | Steven
 IGUODAN01 | Iguodala        | Andre
 IVEYRO01  | Ivey            | Royal
 JACKSLU02 | Jackson         | Luke
 JACKSMA02 | Jackson         | Marc
 JACKSST02 | Jackson         | Stephen
 JACOBCA01 | Jacobsen        | Casey
 JAMESLE01 | James           | LeBron
 JAMESMI01 | James           | Mike
 JARICMA01 | Jaric           | Marko
 JEFFECH01 | Jefferies       | Chris
 JEFFEAL01 | Jefferson       | Al
 JEFFERI01 | Jefferson       | Richard
 JEFFRJA01 | Jeffries        | Jared
 JENKIHO01 | Jenkins         | Horace
 JOHNSBR01 | Johnsen         | Britton
 JOHNSDE03 | Johnson         | Dermarr
 JOHNSJO02 | Johnson         | Joe
 JOHNSKE03 | Johnson         | Ken
 JOHNSLI01 | Johnson         | Linton
 JONESAL01 | Jones           | Alvin
 JONESDA02 | Jones           | Dahntay
 JONESFR01 | Jones           | Fred
 JONESJA02 | Jones           | James
 JONESMA03 | Jones           | Mark
 JOSEPGA01 | Joseph          | Garth
 KAMANCH01 | Kaman           | Chris
 KAPONJA01 | Kapono          | Jason
 KASUNMA01 | Kasun           | Mario
 KHRYAVI01 | Khryapa         | Viktor
 KIRILAN01 | Kirilenko       | Andrei
 KNIGHBR02 | Knight          | Brandin
 KORVEKY01 | Korver          | Kyle
 KRSTINE01 | Krstic          | Nenad
 KUTLUIB01 | Kutluay         | Ibrahim
 LAMPEMA01 | Lampe           | Maciej
 LAMPLSE01 | Lampley         | Sean
 LANGHDA01 | Langhi          | Dan
 LIVINSH01 | Livingston      | Shaun
 LONGAR01  | Long            | Art
 LOPEZRA01 | Lopez           | Raul
 MADDOTI01 | Maddox          | Tito
 MADSEMA01 | Madsen          | Mark
 MAGLOJA01 | Magloire        | Jamaal
 MARTIKE01 | Martin          | Kenyon
 MARTIKE02 | Martin          | Kevin
 MASONDE01 | Mason           | Desmond
 MASONRO01 | Mason Jr        | Roger
 MBENGDJ01 | Mbenga          | D.J.
 MCCLIDA01 | Mcclintock      | Dan
 MCLEOKE01 | McLeod          | Keith
 MCPHEPA01 | Mcpherson       | Paul
 MEDVEST01 | Medvedenko      | Stanislav
 MIHMCH01  | Mihm            | Chris
 MILESDA01 | Miles           | Darius
 MILICDA01 | Milicic         | Darko
 MILLEMI01 | Miller          | Mike
 MINGYA01  | Ming            | Yao
 MOISOJE01 | Moiso           | Jerome
 MORRITE01 | Morris          | Terence
 MOTTOHA01 | Mottola         | Hanno
 MURPHTR01 | Murphy          | Troy
 MURRARO01 | Murray          | Ronald
 NACHBBO01 | Nachbar         | Bostjan
 NAILOLE01 | Nailon          | Lee
 NAJERED01 | Najera          | Eduardo
 NDIAYMA02 | Ndiaye          | Mamadou
 NELSOJA01 | Nelson          | Jameer
 NEWBLIR01 | Newble          | Ira
 NOCIOAN01 | Nocioni         | Andres
 OKAFOEM01 | Okafor          | Emeka
 OKURME01  | Okur            | Mehmet
 OLIVEDE01 | Oliver          | Dean
 OUTLATR01 | Outlaw          | Travis
 OWENSCH01 | Owens           | Chris
 OYEDEOL01 | Oyedeji         | Olumide
 PACHUZA01 | Pachulia        | Zaza
 PANKOAN01 | Panko           | Andy
 PARGOJA01 | Pargo           | Jannero
 PARKEWI01 | Parker          | Smush
 PARKETO01 | Parker          | Tony
 PAVLOAL01 | Pavlovic        | Aleksandar
 PENBEMI01 | Penberthy       | Mike
 PENIGDE01 | Penigar         | Desmond
 PENNEKI01 | Penney          | Kirk
 PERKIKE01 | Perkins         | Kendrick
 PETERMO01 | Peterson        | Morris
 PIETRMI01 | Pietrus         | Mickael
 PLANIZO01 | Planinic        | Zoran
 PODKOPA01 | Podkolzine      | Pavel
 PORTECH01 | Porter          | Chris
 POSTELA01 | Postell         | Lavor
 PRINCTA01 | Prince          | Tayshaun
 PRZYBJO01 | Przybilla       | Joel
 RADMAVL01 | Radmanovic      | Vladimir
 RAKOCIG01 | Rakocevic       | Igor
 RAMOSPE01 | Ramos           | Peter
 RANDOZA01 | Randolph        | Zachary
 REBRAZE01 | Rebraca         | Zeljko
 REDDMI01  | Redd            | Michael
 REEDJU01  | Reed            | Justin
 REINEJA01 | Reiner          | Jared
 RENTZEF01 | Rentzias        | Efthimios
 RICHAJA01 | Richardson      | Jason
 RICHANO01 | Richardson      | Norm
 RICHAQU01 | Richardson      | Quentin
 RIDNOLU01 | Ridnour         | Luke
 RIGAUAN01 | Rigaudeau       | Antoine
 ROBERTE01 | Roberson        | Terrance
 ROBINJA02 | Robinson        | Jamal
 ROBINBE01 | Robinson Jr.    | Bernard
 ROSSQU01  | Ross            | Quinton
 RUCKEGU01 | Rucker          | Guy
 RUSHKA01  | Rush            | Kareem
 SALMOJO01 | Salmons         | John
 SAMAKSO01 | Samake          | Soumaila
 SAMPSJA01 | Sampson         | Jamal
 SANCHPE01 | Sanchez         | Pepe
 SANTIDA01 | Santiago        | Dan
 SASSEJE01 | Sasser          | Jeryl
 SATTEKE01 | Satterfield     | Kenny
 SAVOVPR01 | Savovic         | Predrag
 SCALABR01 | Scalabrine      | Brian
 SESAYAN01 | Sesay           | Ansu
 SEUNGHA01 | Seung-Jin       | Ha
 SHIRLPA01 | Shirley         | Paul
 SIMMOBO01 | Simmons         | Bobby
 SLAYTA01  | Slay            | Tamar
 SMITHDO05 | Smith           | Donta
 SMITHJA01 | Smith           | Jabari
 SMITHJO03 | Smith           | Josh
 SMITHJR01 | Smith           | J.R.
 SMITHLE01 | Smith           | Leon
 SMITHMI03 | Smith           | Mike
 SMITHTH01 | Smith           | Theron
 SNYDEKI01 | Snyder          | Kirk
 SOLOMWI01 | Solomon         | Willie
 SONGADA01 | Songaila        | Darius
 SOWPA01   | Sow             | Pape
 STEVEDE01 | Stevenson       | Deshawn
 STOREAW01 | Storey          | Awvee
 STOUDAM01 | Stoudemire      | Amare
 SWEETMI01 | Sweetney        | Mike
 SWIFTRO01 | Swift           | Robert
 SWIFTST01 | Swift           | Stromile
 TABUSYU01 | Tabuse          | Yuta
 TARLADR01 | Tarlac          | Dragan
 TELFASE01 | Telfair         | Sebastian
 THOMABI01 | Thomas          | Billy
 THOMAET01 | Thomas          | Etan
 THOMAJA02 | Thomas          | James
 TINSLJA01 | Tinsley         | Jamaal
 TORREOS01 | Torres          | Oscar
 TREPAJE01 | Trepagnier      | Jeff
 TRYBACE01 | Trybanski       | Cezary
 TSAKAIA01 | Tsakalidis      | Jake
 TSKITNI01 | Tskitishvili    | Nikoloz
 TURKOHI01 | Turkoglu        | Hidayet
 UDOKAIM01 | Udoka           | Ime
 UDRIHBE01 | Udrih           | Beno
 VANTEDA01 | Vanterpool      | David
 VARDARA01 | Varda           | Ratko
 VAREJAN01 | Varejao         | Anderson
 VOSKUJA01 | Voskuhl         | Jake
 VRANESL01 | Vranes          | Slavko
 VROMAJA01 | Vroman          | Jackson
 VUJACSA01 | Vujacic         | Sasha
 WADEDW01  | Wade            | Dwyane
 WAGNEDA02 | Wagner          | Dajuan
 WALLAGE01 | Wallace         | Gerald
 WALTOLU01 | Walton          | Luke
 WANGZH01  | Wang            | Zhizhi
 WATSOEA01 | Watson          | Earl
 WELSCJI01 | Welsch          | Jiri
 WESTDA01  | West            | David
 WESTDE01  | West            | Delonte
 WHITERO02 | White           | Rodney
 WILCOCH01 | Wilcox          | Chris
 WILKIDA02 | Wilkins         | Damien
 WILKSMI01 | Wilks           | Mike
 WILLIFR02 | Williams        | Frank
 WILLIJA03 | Williams        | Jay
 WILLIMA01 | Williams        | Maurice
 WOLKORU01 | Wolkowyski      | Ruben
 WOODSLO01 | Woods           | Loren
 WOODSQY01 | Woods           | Qyntel
 WRIGHDO01 | Wright          | Dorell
 YARBRVI01 | Yarbrough       | Vincent
(338 rows)

